{
  "sort": [
    "@timestamp", 
    "desc"
  ], 
  "hits": 0, 
  "description": "", 
  "title": "Syslog system logs", 
  "version": 1, 
  "kibanaSavedObjectMeta": {
    "searchSourceJSON": "{\"index\":\"filebeat-*\",\"filter\":[],\"highlight\":{\"pre_tags\":[\"@kibana-highlighted-field@\"],\"post_tags\":[\"@/kibana-highlighted-field@\"],\"fields\":{\"*\":{}},\"require_field_match\":false,\"fragment_size\":2147483647},\"query\":{\"query_string\":{\"query\":\"*\",\"analyze_wildcard\":true}}}"
  }, 
  "columns": [
    "system.syslog.hostname", 
    "system.syslog.program", 
    "system.syslog.message"
  ]
}
